"“Buy American” is back in vogue among U.S. equity investors after a years-long global diversification push failed to bear fruit.Domestically focused equity mutual and exchange-traded funds have booked back-to-back months of inflows, while international funds traded in the U.S. have suffered outflows over the same stretch, according to DataTrek Research co-founder Nicholas Colas. It’s the first time since the trade war heated up in the middle of 2018 that withdrawals have hit non-U.S. oriented funds in consecutive months. Investors’ U.S. shift has occurred in the midst of a torrid 16 percent advance for the S&P 500 Index this year that has put it within spitting distance of its all-time high and outshined returns in emerging markets, developed markets and global equity benchmarks. Investors put $4.7 billion to work in U.S. equity funds during February and March while taking out nearly $7 billion from internationally-geared opportunities, according to Colas, who cites data from the Investment Company Institute.This marks a stark reversal of the prevailing trend since 2017, which has seen money move to international equity funds at the expense of domestic counterparts. The thinking in recent years had been that the U.S.’s decade-long bull-market run had gone on for so long and reached such heights that it was inevitable that global markets were poised to play catchup.That’s no longer the prevailing theory. Bank of America’s March survey of fund managers showed growing pessimism on the global economy. Shorting European equities was judged to be the most crowded trade in markets in the survey, which found two-thirds of respondents expect below-trend growth and inflation globally over the next year.The shift back to U.S. equities is based on the simple fact that they continue to outperform global alternatives, notes Colas. But on a deeper level, he adds, it could be fostered by deglobalization, a lack of faith in Europe or Japan’s ability to reflate their economies via monetary stimulus, and the elevated weighting of technology stocks in U.S. indexes compared with other bourses.Lawrence Hamtil, a financial adviser at Fortune Financial Advisors, takes a longer view. Since 1986, American outperformance in equities has been the rule, not the exception, he says."
"“FOSSE/VERDON”, a new mini-series about two Broadway legends, could have been a simple paean to the magic of the stage. Bob Fosse (Sam Rockwell), a director, and his wife Gwen Verdon (Michelle Williams), a dancer, helped to create hits such as “Damn Yankees!”, “Chicago” and “Cabaret\". There is plenty of exquisite choreography, as legs kick in perfect time and dazzling costumes shimmer on twisting bodies, plus a sparkling rendition of “Big Spender”. Elsewhere, in a fantasy scene, Fosse twirls effortlessly down a corridor, surrounded by colourful dancers. But the show turns out to be a surprisingly moving examination of the characters of Fosse and Verdon, as well as their extraordinary careers. It opens with the build-up to “Cabaret”, Fosse’s best-known film, which he directed and choreographed in 1971. The viewer is transported from Hollywood to damp, dark Munich, where it was shot, and the pressure is palpable. The film cannot afford to be “another $20m fiasco”, a producer warns, referring to one of Fosse’s previous misses. Fosse, in turn, takes it out on his crew. “I wanna see every muscle, every tendon,” he barks during exhausting rehearsals for “Mein Herr”, one of the nightclub songs. After seeing the first cut, he moans to his assistant that “it’s unwatchable”. On the night of the premiere, he paces in the auditorium rather than watching the film (it was a box-office triumph and would go on to win eight Oscars). His personal torment, and abject terror of failure, is clear."
"“One of the things that the Bible has consistently denounced is the taking of the Lord’s name in vain. In fact, one of the Ten Commandments in the Old Testament states: “You shall not take the name of the Lord your God in vain, for the Lord will not hold him guiltless who takes his name in vain” (Exodus 20:7). The word “vain” means “for no reason” or “useless.” “Thus, God was instructing the Israelites to avoid using his name in a useless, disrespectful way. Instead, the Israelites were supposed to revere the name of God and use it in a serious, considerate way. Many of the ancient Israelites were so respectful of the name of God that they would not even pronounce it or write it for fear of using it in vain. Those who did write it would often throw away the quill they had used, because they thought that any quill that had written God’s name was holy and should not be used for regular words. “Dr. John Hagee, the founder and senior pastor of the Cornerstone Church in San Antonio, Texas, not only agrees with what the Good Book says, but also takes the faith to a level of fanaticism. Speaking exclusively with Newslo, Hagee stated that “in this world of crimes and deaths that surround us, a simple blasphemy does not get that much attention when it should.” “Saying the Lord’s name in vain might seem petite and insignificant compared to some of the things that are going on in the world right now, even in churches all across America,” Hagee elaborated. “But, that’s precisely the problem. If the shepherds of a faith start doing wrong, what is the flock supposed to do? Follow in their footsteps? I don’t think so. The flock needs to get its bearings and start thinking for itself.” The pastor reprimanded: “But, nowadays you have people committing sin everywhere you look, including Houses of God, which are the holiest of places.” Asked how the situation could be bettered, Hagee replied: “Well, we’d have to start with ourselves, as with everything in life. If you’re asking about my personal opinion, there is no greater sin in terms of wrongly using God’s name than women who use it during sex. That is one of the filthiest, most derogatory and sinful uses of the Lord’s name I can think of. If it were up to me, I would put every single woman or girl who does that in jail. That would be a fine example of God’s wrath aimed at what is, in my opinion, a terrible misuse of our Maker’s good name.”/religionlo.com/"
"“SECRETARY OF HOMELAND SECURITY Kirstjen Nielsen will be leaving her position, and I would like to thank her for her service,” tweeted Donald Trump on the afternoon of April 7th. Ms Nielsen stepped down on April 10th, but she had been twisting in the wind for months. Though she had publicly defended Mr Trump’s immigration policies, the president thought her weak. Her departure seems to presage a harsher turn on immigration from a president who considers the issue central to his re-election strategy.Few on the left will sympathise with Ms Nielsen. She was one of the faces of the Trump administration’s “zero tolerance” policy, under which anyone who crossed America’s border illegally was referred to the Justice Department for prosecution. That resulted in the separation of thousands of children from their parents. Identifying all the families thus sundered, said the government in a court document filed last week, could take up to two years. She also defended two policies halted, to Mr Trump’s fury, by federal courts: one that would have prevented anyone who crossed the border illegally from claiming asylum, and another that would force asylum seekers to wait in Mexico rather than America while their claims were evaluated."
"(Zero Hedge) A man in Seattle has had his gun confiscated by police after breaking no laws. The police took his gun without a warrant and without pressing any charges.  Tyranny has officially taken hold on American soil. This sets a precedent that government can now forcefully take guns away from an individual without a crime being committed or an arrest being made and without a warrant. In the name of fear and political exploitation of anti-gun rhetoric, a citizen’s Second Amendment rights have been ripped away from him by the government. The new “red flag” law, which has taken hold in other states already, allows the courts and law enforcement to take away guns from individuals they deem are dangerous and they’ve just begun the confiscation. A man living in the Belltown neighborhood of Seattle, Washington became the first individual in the state to have his firearm confiscated without any formal arrest or charges.  The man was not identified by authorities. Neighbors complained that the man had been “staring” at people through storefront windows while wearing a holstered firearm. He was not brandishing his weapon by any account, and open carrying is legal in the area, so he was abiding by the law. Other residents also complained that the man’s open carrying made them feel “uncomfortable” and “unsafe.” “He was roaming the hallways with a .25 caliber automatic,” said Tony Montana, a man who lives in the same apartment complex as the gun owner and a person without any reasonable gun knowledge.  Handguns are semi-automatic…"
"A California Democrat was recently given a platform by USA Today to publish a shocking editorial that calls for nationwide confiscation of all “military-style semiautomatic assault weapons” from law-abiding citizens.Representative Eric Swalwell from California’s 15th District wrote that all so-called “assault” weapons need to be banned, and that a federal gun buy-back program needs to be instituted in order to effectively collect them all from the citizenry. Rep. Swalwell even goes a step further, insisting that those who refuse to hand over their “assault” weapons be criminally prosecuted – including law-abiding gun owners who have never been convicted of committing a crime with their legally-purchased weaponry. Not content to simply impose a fresh ban on all new “assault” weapon purchases, which in and of itself is unconstitutional, Rep. Swalwell actually wants to see door-to-door gun confiscation teams engage in Nazi-style removal tactics in order to rid the streets of all firearms that he personally deems reckless and unnecessary. “Reinstating the federal assault weapons ban that was in effect from 1994 to 2004 would prohibit manufacture and sales, but it would not affect weapons already possessed,” Rep. Swalwell wrote in his op-ed for USA Today. “This would leave millions of assault weapons in our communities for decades to come.” “Instead, we should ban possession of military-style semiautomatic assault weapons, we should buy back such weapons from all who choose to abide by the law, and we should criminally prosecute any who choose to defy it by keeping their weapons."
"A couple was transported to the hospital in a very awkward position last night after a man somehow got his head stuck in his wife’s vagina during a strange sexual game.Tom and Janis Morrison, a young couple from the small town of Greensboro in Alabama, called 911 around 10:00 pm last night to ask for an ambulance.Samantha Irving, the operator who took the call, says she thought it as a joke when he explained the situation.“The woman told me that her husband had fallen and that his head was now stuck in her vaginal cavity. I really thought that it was a group of teenagers making a prank call.”Despite Ms. Irving’s doubts, she sent an ambulance on the site and the paramedics rapidly realized that the situation was in fact very serious.Bill Austin, one of the paramedics who transported the couple, claims they were lying naked on their bed and partially covered in blood.“The woman kept screaming out in pain whenever the guy moved, but he had half of his face buried in there and he looked like he was going through Hell!” The couple was transported to the nearby Hale County Hospital, where doctors were able to separate the couple.Ms. Morrison suffered from severe internal bleeding but is now stable, while her husband has suffered only a few scratches and bruises.According to doctors, both could also suffer from post-traumatic stress syndrome.Dr. Frank Olson, who treated the couple upon their arrival at the hospital, says that such extreme sexual practices are extremely dangerous and recommends to completely avoid them.Incidents like this one are, indeed, quite unusual, but hundreds of couples are admitted to the hospital every year in the U.S. after getting stuck together during sexual intercourse.According to data collected by the U.S. Department of Health and Human Services, 3,213 couples were hospitalized for such problems across the country in 2015 and 3,789 in 2016.According to the same data, the Morrisons are the first couple to be hospitalized for a head stuck inside a vaginal cavity since October 2007."
"A fake news article said actress Sandra Bullock praised President Donald Trump while telling Hillary Clinton she could leave the United States if she isn’t happy with how things are going. \"Actress Sandra Bullock to Hillary Clinton: ‘if you don’t like our president you can leave and never come back again, you are one jealous woman who is nothing to compare with Trump, I hope he will arrest you soon,’\" said a Dec. 25 headline on Flash 24 Daily. Facebook users flagged the post as being potentially fabricated, as part of the social network’s efforts to combat fake news. We found no evidence that Bullock made the statement about Clinton. The same story has circulated on various websites on Facebook at least since October. While the headline showed Bullock bashing Clinton, the article itself didn’t include any quotes by Bullock in which she mentioned Clinton or Trump by name. The article said that the quotes by Bullock came from her press conference for her \"new film,\" Our Brand Is Crisis. One big hint that this is fake news: that movie was released in 2015. In the movie, Bullock played a political consultant drafted to help the president of Bolivia win re-election as she competed with her rival working for another candidate. At a press conference in October 2015 for her movie, Bullock said she disagreed with Trump when asked about his comments about Mexican-Americans. \"I don’t agree with that at all,\" Bullock said. \"That was not a statement that I can get behind. I don’t agree with that statement.\" The Flash 24 Daily article included some actual quotes by Bullock from that press conference about how her views are influenced by her son. Bullock has adopted two African-American children -- a boy and a girl. \"I would like my rights represented and those of my son — very selfish views, and I think everyone else has them,\" she says. \"When this film came along, it came along at a time that I was having that internal discussion with myself about who in our country would step out of their comfort zone to help others for the greater good.\" We found no evidence that Bullock said to Clinton \"if you don’t like our president you can leave and never come back again.\" We rate this headline Pants on Fire."
"A few days ago, a student at Harvard leaked the contents of Malia Obama’s speech final. The topic? A World Without Whites. And now it may get Malia Obama suspended. “White people are so 1960’s. Sometimes the only thing that keeps me going is the fact that they will be blended out by the time I am 30,” a recording of Obama’s speech shared on Snapchat said. “Imagine a world without white people.” Obama was of course referring to the scientific belief that if whites continue to breed at low rates in America while others races continue to breed at current rates, white babies will be virtually nonexistent in our country by 2038. A post quoting Obama was shared more than 14,000 times with a reach of nearly 1 million Americans, which forced Harvard to take action. “This sort of attack against any race is uncalled for,” Harvard Dean Cain Markholder said in a statement Sunday. “Ms. Obama has been informed she is suspended pending an investigation into her statement.” But it gets worse for Obama — Markholder says that if a disciplinary board finds her guilty, she will “forfeit her grade for the exam” which is worth 47% of her grade according to one of the students who shared video of her racist hate speech-filled attack on whites. The dean notes that punishment for racist attacks like this can lead to “expulsion,” but we’re sure that her dad will once again bail her out of trouble."
"A highly regarded Texas law enforcement officer was shot and killed Monday moments after arriving for work in an attack that prompted a massive manhunt for the gunman. The shooting of Harris County Precinct 3 Assistant Chief Deputy Clinton Greenwood did not appear to be random, according to Baytown police Lt. Steve Dorris, but a motive was not immediately clear. “Whether or not he was specifically targeted, or whether this was because of the uniform he was wearing or the place he pulled up to in the morning, we just don’t know that right now,” Dorris said. No arrests had been made as of Monday evening. Dorris said authorities were still “actively investigating” the shooting. Investigators said late Monday they were looking for a suspect described as a white or Hispanic male, approximately 6 feet (1.8 meters) to 6-feet-3 inches tall, with short hair and a medium to stocky build. The man was described as possibly wearing a dark jacket with some type of patch on the sleeve and was seen in the area around the time of the shooting. Baytown police said the suspect might have fled the scene in a dark vehicle. Greenwood, a 30-year law enforcement veteran, was shot outside a county courthouse building in Baytown, east of Houston. He suffered a single gunshot wound and was airlifted to a Houston hospital where he died."
"A huge new development in Washington, D.C. may be putting American security back on track. This is great news for American patriots everywhere, and we need to get behind it! According to various sources, FBI Director James Comey might soon be replaced by the Trump Administration. Even better, Representative Trey Gowdy (R-SC) is already being touted as Comey’s successor, via US Defense Watch. For those unaware of Gowdy’s many accomplishments, suffice it to say that the South Carolina conservative has been one of the more vocal critics of the Obama Administration for quite some time now. More recently, Representative Gowdy has been a voice of reason regarding the Democrat fixation on the idea of President Trump’s supposed connections to Vladimir Putin. He’s even gone on record defending California Republican Devin Nunes from Democrat attacks on his integrity and his ability to properly investigate whether Obama spied on Trump during the 2016 campaign, via Townhall. A long-time favorite of the Tea Party and other conservative groups, Gowdy is the type of man the Trump Administration needs to clean up the leftovers of the Obama Administration and its “Deep State” allies."
"A multi-state investigation in cooperation with the White House Historical Artifact Enforcement Division of the Secret Service is about to conclude with the indictment of Malia Obama, according to our sources. Larry and Bob, two guys working inside the task force, spent more than three months tracking down artifacts being sold at exclusive auction houses and online black market dealers. According to Larry: “We found a trail of illegal sales of White House trinkets starting in about April of 2017. In the past two years, we linked those items to reports of missing historical pieces reported by White House staff during the Obama administration. All of the pieces are small enough to be smuggled out.” This bedpan was placed under Abraham Lincoln to catch him crapping himself as he died. It sold for $2.6 million. That means that even at a young age, Malia Obama was plotting future crimes; hoarding stolen goods for sale down the road. According to Bob, there’s far more to it than that: “Malia wasn’t just stealing things to steal them. She was mentored at that age by Hillary Clinton, who was Secretary of State when the girl was just 11-years-old. Hillary molded her into a criminal by teaching her to abandon her morals in favor of what’s good for ‘the people.’ She’s been a trained Clinton Foundation operative since she turned 16, and was activated the day she left home to go to Harvard.” Nancy Reagan’s Yoga Pants originally fetched nearly $200K but were returned after someone “much bigger than Nancy” stretched them out. It’s all true, according to our sources at the black market. Shifty Pete, the infamous drug dealer from Maine, says he and D Money got their start with Malia’s ill-gotten gains: “Yeah, we made a bunch of money. We sold stuff two or three times. The total take was about $6 million. She gave us $6K and a bag of weed.” Betty Ford hid prescription morphine and nips of single malt in this 13th-Century Albanian Teapot. It sold for $890K According to our sources at Obama Watchers, the story is true. In true Clinton Foundation fashion, Malia took the cash from the trinkets and gave it to “poor” villages in Yemen and Sudan ravaged by wars they have nothing to do with. She pocketed a pretty penny, too, and secured her place as a Foundation Agent: “It was more of a test than anything. We’ll all be seeing a lot more of Malia Obama.” Yes….I would venture to say that’s true."
"A pair of technology unicorns will launch themselves into the public markets Thursday, hoping the messy recent debut of Lyft Inc. is in the rearview mirror.Online image board Pinterest Inc., whose initial public offering has been one of the most widely anticipated in a banner 2019 for IPOs, will price its shares Wednesday evening. People familiar with the matter say it is likely to price above its proposed range. Yet it may be eclipsed in valuation by a lesser-known videoconferencing company, Zoom Video Communications Inc."
"A Police officer talks to climate activists atop a train carriage in London on April 17.Climate activists briefly blocked one of the busiest rail routes into London’s Canary Wharf financial district on a third day of disruption across the capital.The Docklands Light Railway was partially closed on Wednesday morning after three protesters glued themselves to a train. They were removed by transport police and services returned to normal by 2:15 p.m., the network operator said.The driverless DLR trains run from the old City of London financial district to Canary Wharf in the east, which houses the headquarters of Barclays Plc and HSBC Holdings Plc.More than 300 people have been arrested after blocking streets around Parliament, Waterloo Bridge and Marble Arch as part of the campaign by Extinction Rebellion, according to the Metropolitan Police. The group has promised on Twitter to continue disrupting rail links in the capital.“We are in the process of moving demonstrators on Waterloo Bridge”, the capital’s police force said in a statement. “Those that do not comply may be arrested.”"
"A South African utility company has been given an ultimatum to reduce it’s number of white employees by 44.3% over the next five years. This means 3,389 whites have to go. It is part of the Federal “Black Empowerment” program. For years, Eskom has been under orders to only hire non-whites as new employees. The firm says it is having major problems finding enough qualified non-white applicants. Currently, Eskom’s middle managers are 30% white and it’s skilled labor force is 21% white. The South African government has also ordered Eskom to reduce it’s safety requirements to make it easier for non-white applicants to qualify for jobs. Eskom is ordered to reduce the number of white engineers by 1,081, and the number of white skilled laborers by 2,179. South Africa is currently experiencing a rapid collapse of it’s electrical infrastructure and power routinely goes out all over the country."
"According to the Beaumont Police Department, 48-year old Henri Paul Johnson decided to take a nap on a stretcher after working for sixteen hours straight. While he was sleeping, another employee mistook him for the corpse of a 52-year-old car accident victim and carried him to the crematory. Before anyone could notice the mistake, he had already been exposed to temperatures ranging between 1400 to 1800 degrees Fahrenheit and reduced to ashes. Jenna Davis, one of Henri Johnson’s coworkers, says she heard him scream for about 15 seconds after the crematory was activated. “At first, we didn’t understand where the sound was coming from. When we realised what was happening, it was too late. We shut down the heating system, but he was already dead.” Ms. Davis claims that the young coworker who caused the accident was a new employee and had forgotten to check for the toe tag to make sure he had the right body. morguedeath Jenna Davis says she heard the victim scream in agony as the crematory was reducing him to ashes. The police have opened an investigation to determine the exact circumstances surrounding Mr. Johnson’s death. Investigators have not ruled out the possibility of filing criminal charges against the employee who caused his death. The young man could possibly be accused of criminal negligence causing death."
"Activists argue area of natural beauty will be destroyed if energy network is built‘No one wants to live in these conditions’: how the pylons would look in the Lecrin Valley. Photograph: Say No to the Pylons Residents’ groups in one of the most beautiful and rugged corners of Spain are protesting against plans to build a towering “electricity highway” over their hills, fields and farms, saying it will wreck their way of life.Activists in the Alpujarra and Lecrín valley areas of south-eastern Andalucía said the proposed 110-mile line between the provinces of Almería and Granada would have evastating consequences for a region that depends heavily on rural tourism and small-scale agriculture.The project, part of a national strategy to improve Spain’s energy infrastructure, is being overseen by the regional government of Andalucía.The energy firm Red Eléctrica de España, which is due to build the 220-kilovolt line, said the scheme would help give the area “a modern, secure and reliable electrical network”, as well as bringing €106m of investment and creating more than 700 jobs during the construction phase.It also said the project would not “substantially alter” the land on which it would sit.But many locals are bitterly opposed to the line, arguing that the company’s pylons, some of which stand 79 metres (260ft) tall, would ruin livelihoods and damage flora and fauna.“It would basically destroy the countryside and the way of life of a lot of people here,” said José Manuel Milán, a craftsman and gardener who is part of the Say No to the Pylons group in the Alpujarra. “This is an area that relies on nature tourism – there’s a lot of rural hotels, country cottages and restaurants. They would all suffer if the countryside was destroyed. People who come here for nature tourism aren’t going to want to spend their time here walking under cables.”Another member of the anti-pylon platform said the scheme would destroy the very thing that has allowed Alpujarra to recover from decades of depopulation.“This is a region that has managed to revive itself because of its natural beauty, which has brought in quite a lot of new inhabitants from both other parts of Spain and other EU countries,” said Jordi Jutglar, a baker originally from Catalonia. “I’ve spoken to people who were thinking about coming to live here but are now thinking twice about it because of the towers. No one wants to live in these conditions. It would be just devastating.”A consultation period on the project ended on Thursday, and Red Eléctrica said it would spend the coming months studying residents’ concerns.The Andalucían government will then decide whether the project should go ahead.Red Eléctrica said: “In general terms, the line won’t substantially alter the landscape as we’ve already tried to ensure that the route and pylons can be built so as to have the least damaging form.“But in any case, [we] will study all the objections and comments from neighbours and community groups and weigh up the viability of making changes to the project on environmental and sustainability grounds.”Among those who have lived in the area for decades are the writer Chris Stewart – who has chronicled life there in a series of books beginning with Driving over Lemons – and the record producer and Killing Joke bassist Youth.Stewart calls the Alpujarra, much of which lies within the Sierra Nevada national park, one of Europe’s “natural jewels”."
"After almost dying at sea, refugees learn to love the water.Survivors in Sicily, some of whom witnessed others perish, are integrating with locals and getting back in the sea.Messina, Italy - Mory Jallow* can still hear the traffickers screaming insults at him as they pushed him and a group of fellow Gambian migrants onto a dinghy headed to Europe.\"It was a very cold night, and I was so paralysed [with fear] I couldn't speak with the other boys on the boat with me,\" Jallow said. \"By early morning, the water began pouring on board, and I was sure I was going to die at sea.\" He remembers fainting, then a hand out of the blue helping him board another ship. A voice told him in French that they were now headed to Sicily. \"A place I had never heard of. But I still couldn't speak, so I said nothing.\"A year after his arrival, the now-18-year-old lives with around two dozen teenage African boys at the Basilica di Sant'Antonio community in Messina, southern Italy.\"The teachers help us get through every step and teach us a lot. But it's been hard, because even though I'm not alone, I still miss my family every day,\" he said.According to Save the Children, 1,439 unaccompanied minors arrived in Italy in the first months of 2018."
"Ahead of the presidential election, the campaigns themselves have become combatants in the information war. That’s exactly what Russia wants.Slumped in a chair in a café here in the Ukrainian capital, Zolotukhin wasn’t talking about the campaign of Volodymyr Zelensky, a comedian who is favored to win the country’s presidential elections this weekend, or the incumbent, Petro Poroshenko. No, they are the Russians. Moscow has used Ukraine as a disinformation laboratory for years—and Zolotukhin is one of the men charged with fending them off.The Kremlin stands accused of interfering in elections the world over, driving division in societies through an array of tactics, chief among them online disinformation. Using fabricated or misleading news stories and fake accounts, Russian operations have sought to sow doubt in the democratic process. Ahead of European Parliament elections next month and the American presidential contest in 2020, Putin’s online armies are auditioning their tactics in Ukraine.Kyiv isn’t just the laboratory for Russia’s information warfare tactics, though; it’s also a proving ground for possible solutions, where officials such as Zolotukhin, Ukraine’s deputy minister of information policy, struggle to walk the line between defending democratic discourse and trampling freedom of speech. As the United States prepares for another contentious presidential race and social-media regulation looks inevitable, the Ukrainian government’s efforts highlight how difficult it is to fight disinformation in a polarized information environment."
"Ajax's sensational Champions League run continued as teenage captain Matthijs de Ligt's goal eliminated Juventus and secured their place in the semi-finals.Cristiano Ronaldo, a five-time winner of the tournament, headed the hosts in front from a first-half corner.But Ajax battled level as Donny van de Beek controlled Hakim Ziyech's shot and slotted past Wojciech Szczesny.Ziyech went close after the break before De Ligt, up from the back, scored a decisive, powerful header.The away-goals rule left Juventus needing two in the remaining 23 minutes, but it could have been even more comfortable for the visitors in the closing stages with David Neres shooting wide and Ziyech flagged offside after whipping a smart shot into the top corner.Ronaldo, who picked up a late yellow card for a frustrated lunge at Joel Veltmans, stalked off the pitch at the final whistle, having been knocked out of the competition for the first time since Juventus beat his previous club Real Madrid in May 2015.Meanwhile, as they did after their sensational away win over Real Madrid in the previous round, Ajax's youthful side bounced in front of their raucous band of supporters and home fans streamed out the exits.Ajax will face the winner of Manchester City and Tottenham's quarter-final, which Spurs lead 1-0 before Wednesday's second leg at Etihad Stadium."
